source_url,output_file,title,department,topic,source_type,http_status,canonical_url,word_count,duplicate_status,historical_warning,last_modified,approved_for_upload,validation_errors
https://lemoorecollege.edu/admissions/,admissions/admissions.md,Admissions - Apply to Lemoore College | Lemoore College,Admissions,admissions,official-web-page,200,https://lemoorecollege.edu/admissions/,2378,unique,,,true,
https://lemoorecollege.edu/admissions/returning-students/,admissions/admissions-returning-students.md,Returning Students | Lemoore College,Admissions,admissions,official-web-page,200,https://lemoorecollege.edu/admissions/returning-students/,476,unique,,,true,
https://lemoorecollege.edu/admissions/future-students/orientation.php,admissions/admissions-future-students-orientation.md,Orientation | Lemoore College,Admissions,orientation,official-web-page,200,https://lemoorecollege.edu/admissions/future-students/orientation.php,78,unique,,,true,
https://lemoorecollege.edu/admissions/high-school-dual-enrollment/,admissions/admissions-high-school-dual-enrollment.md,High School Dual Enrollment | Lemoore College,Admissions,dual-enrollment,official-web-page,200,https://lemoorecollege.edu/admissions/high-school-dual-enrollment/,2089,unique,,,true,
https://lemoorecollege.edu/schedule/,registration/schedule.md,Lemoore Class Schedule - Course Catalog | Lemoore College,Admissions and Records,registration,official-web-page,200,https://lemoorecollege.edu/schedule/,15074,unique,,,true,
https://lemoorecollege.edu/academic-calendar/,academics/academic-calendar.md,Academic Calendar | Lemoore College,Admissions and Records,academic-calendar,official-web-page,200,https://lemoorecollege.edu/academic-calendar/,509,unique,,,true,
https://lemoorecollege.edu/resources/transcripts.php,registration/resources-transcripts.md,Transcripts | Lemoore College,Admissions and Records,transcripts,official-web-page,200,https://lemoorecollege.edu/resources/transcripts.php,494,unique,,,true,
https://lemoorecollege.edu/admissions/faqs.php,registration/admissions-faqs.md,FAQs | Lemoore College,Admissions and Records,graduation,official-web-page,200,https://lemoorecollege.edu/admissions/faqs.php,1388,unique,,,true,
https://lemoorecollege.edu/catalog/current,academics/catalog-current.md,Lemoore College Catalog (2026-2027),Admissions and Records,catalog,official-web-page,200,https://lemoorecollege.edu/catalog/current,64,unique,,,true,
https://lemoorecollege.edu/admissions/financial-aid/,financial-aid/admissions-financial-aid.md,Financial Aid | Lemoore College,Financial Aid,financial-aid,official-web-page,200,https://lemoorecollege.edu/admissions/financial-aid/,1664,unique,,,true,
https://lemoorecollege.edu/admissions/financial-aid/apply.php,financial-aid/admissions-financial-aid-apply.md,Apply | Lemoore College,Financial Aid,fafsa,official-web-page,200,https://lemoorecollege.edu/admissions/financial-aid/apply.php,291,unique,,,true,
https://lemoorecollege.edu/admissions/financial-aid/faqs.php,financial-aid/admissions-financial-aid-faqs.md,Financial Aid Frequently Asked Questions | Lemoore College,Financial Aid,financial-aid,official-web-page,200,https://lemoorecollege.edu/admissions/financial-aid/faqs.php,1470,unique,,,true,
https://lemoorecollege.edu/admissions/financial-aid/sap.php,financial-aid/admissions-financial-aid-sap.md,Satisfactory Academic Progress Policy | Lemoore College,Financial Aid,sap,official-web-page,200,https://lemoorecollege.edu/admissions/financial-aid/sap.php,1126,unique,,,true,
https://lemoorecollege.edu/admissions/financial-aid/loans.php,financial-aid/admissions-financial-aid-loans.md,Loans | Lemoore College,Financial Aid,financial-aid,official-web-page,200,https://lemoorecollege.edu/admissions/financial-aid/loans.php,1031,unique,,,true,
https://lemoorecollege.edu/admissions/financial-aid/work-study.php,financial-aid/admissions-financial-aid-work-study.md,Work Study | Lemoore College,Financial Aid,financial-aid,official-web-page,200,https://lemoorecollege.edu/admissions/financial-aid/work-study.php,386,unique,,,true,
https://lemoorecollege.edu/admissions/grants-and-scholarships.php,financial-aid/admissions-grants-and-scholarships.md,Grants And Scholarships | Lemoore College,Financial Aid,grants-and-scholarships,official-web-page,200,https://lemoorecollege.edu/admissions/grants-and-scholarships.php,455,unique,,,true,
https://lemoorecollege.edu/admissions/cost-of-attendance/,financial-aid/admissions-cost-of-attendance.md,Cost Of Attendance | Lemoore College,Financial Aid,cost-of-attendance,official-web-page,200,https://lemoorecollege.edu/admissions/cost-of-attendance/,1669,unique,,,true,
https://lemoorecollege.edu/admissions/cost-of-attendance/payment-and-refund-request.php,financial-aid/admissions-cost-of-attendance-payment-and-refund-request.md,Payment and Refund Request,Financial Aid,refunds,official-web-page,200,https://lemoorecollege.edu/admissions/cost-of-attendance/payment-and-refund-request.php,126,unique,,,true,
https://lemoorecollege.edu/resources/counseling/,support-services/resources-counseling.md,Counseling/Advising Services  | Lemoore College,Counseling,counseling,official-web-page,200,https://lemoorecollege.edu/resources/counseling/,656,unique,,,true,
https://lemoorecollege.edu/resources/student-support/tutoring/,support-services/resources-student-support-tutoring.md,Academic Center for Excellence and Academic Support (ACE) | Lemoore College,Academic Support,tutoring,official-web-page,200,https://lemoorecollege.edu/resources/student-support/tutoring/,377,unique,,,true,
https://lemoorecollege.edu/resources/library/,support-services/resources-library.md,Library and Learning Resource Center | Lemoore College,Library,library,official-web-page,200,https://lemoorecollege.edu/resources/library/,77,unique,,,true,
https://lemoorecollege.edu/resources/student-support/disabled-student-services/,support-services/resources-student-support-disabled-student-services.md,Disabled Students Program & Services | Lemoore College,DSPS,dsps,official-web-page,200,https://lemoorecollege.edu/resources/student-support/disabled-student-services/,163,unique,,,true,
https://lemoorecollege.edu/resources/student-support/disabled-student-services/services.php,support-services/student-support-disabled-student-services-services.md,Services | Lemoore College,DSPS,dsps,official-web-page,200,https://lemoorecollege.edu/resources/student-support/disabled-student-services/services.php,201,unique,,,true,
https://lemoorecollege.edu/resources/student-support/eops/,support-services/resources-student-support-eops.md,EOPS | Lemoore College,EOPS,eops,official-web-page,200,https://lemoorecollege.edu/resources/student-support/eops/,142,unique,,,true,
https://lemoorecollege.edu/resources/student-support/calworks/,support-services/resources-student-support-calworks.md,CalWORKs | Lemoore College,CalWORKs,calworks,official-web-page,200,https://lemoorecollege.edu/resources/student-support/calworks/,307,unique,,,true,
https://lemoorecollege.edu/resources/military-services/veterans/,support-services/resources-military-services-veterans.md,Veterans | Lemoore College,Veterans Services,veterans,official-web-page,200,https://lemoorecollege.edu/resources/military-services/veterans/,194,unique,,,true,
https://lemoorecollege.edu/resources/transfer-center/,support-services/resources-transfer-center.md,Transfer Services | Lemoore College,Transfer Center,transfer,official-web-page,200,https://lemoorecollege.edu/resources/transfer-center/,765,unique,,,true,
https://lemoorecollege.edu/resources/career-center/,support-services/resources-career-center.md,Workforce Internship Networking Center at Lemoore College,Career Center,career-services,official-web-page,200,https://lemoorecollege.edu/resources/career-center/,316,unique,,,true,
https://lemoorecollege.edu/student-life/food-and-basic-needs/,support-services/student-life-food-and-basic-needs.md,Golden Nest: Food and Basic Needs Center | Lemoore College,Basic Needs,basic-needs,official-web-page,200,https://lemoorecollege.edu/student-life/food-and-basic-needs/,586,unique,,,true,
https://lemoorecollege.edu/student-life/eagle-pantry/,support-services/student-life-eagle-pantry.md,Student Pantry | Lemoore College,Basic Needs,basic-needs,official-web-page,200,https://lemoorecollege.edu/student-life/eagle-pantry/,1199,unique,,,true,
https://lemoorecollege.edu/student-life/food-and-basic-needs/mental-health-resources.php,support-services/student-life-food-and-basic-needs-mental-health-resources.md,Mental Health & Wellbeing Resources | Lemoore College,Basic Needs,mental-health,official-web-page,200,https://lemoorecollege.edu/student-life/food-and-basic-needs/mental-health-resources.php,427,unique,,,true,
https://lemoorecollege.edu/resources/dream-resource-center/,support-services/resources-dream-resource-center.md,DREAM Resource Center - AB 540 SB 68 | Lemoore College,Dream Resource Center,dream-resource-center,official-web-page,200,https://lemoorecollege.edu/resources/dream-resource-center/,1303,unique,,,true,
https://lemoorecollege.edu/portal/,technology/portal.md,myWestHills Portal | West Hills Community College District,Information Technology,student-portal,official-web-page,200,https://lemoorecollege.edu/portal/,166,unique,,,true,
https://lemoorecollege.edu/helpdesk/,technology/helpdesk.md,Help Desk | West Hills Community College District,Information Technology,helpdesk,official-web-page,200,https://lemoorecollege.edu/helpdesk/,1385,unique,,,true,
https://lemoorecollege.edu/contact-us/,campus/contact-us.md,Contact Lemoore College,Campus,campus-contact,official-web-page,200,https://lemoorecollege.edu/contact-us/,83,unique,,,true,
https://lemoorecollege.edu/contact-us/office-directory.php,campus/contact-us-office-directory.md,Office Directory | Lemoore College,Campus,directory,official-web-page,200,https://lemoorecollege.edu/contact-us/office-directory.php,527,unique,,,true,
https://lemoorecollege.edu/map/,campus/map.md,Campus Map & Location,Campus,campus-map,official-web-page,200,https://lemoorecollege.edu/map/,47,unique,,,true,
https://lemoorecollege.edu/degrees-and-certificates/,programs/degrees-and-certificates.md,Degrees & Certificates | Lemoore College,Academics,degrees-and-certificates,official-web-page,200,https://lemoorecollege.edu/degrees-and-certificates/,40,unique,,,true,
